Alice,Ronald,Mason,James,Greg,Nick
James,Alice,Ronald,Chris,Mason,Zane
Greg,Mason,Ronald,Alice,Lucas,Mac
John,Liam,Zane,Nick,Blane,Ronald
Nick,John ,Blane,Chris,Angus,Sam
Liam,Sam ,Ronald,Angus,Mac,Mason
Zane,Alex,Mac,Angus,Lucas,Sam
Chris,Jason ,James,Nick,Alex,Angus
Jason,Mac,Angus,Lucas,Sam,Ronald
Lucas,Mac,Angus,Jason,Zane,Alex
Mac,Angus,Jason,Lucas,Alex,Sam
Angus,Mac,Lucas,Jason,Alex,Ronald
Alex,Sam ,Mac,Angus,Lucas,Blane
Sam,Alex,Mac,Blane,Angus,Lucas
Mason,Liam,Alice,James,Greg,Nick
Ronald,John ,Jason,Angus,Alice,Greg
Blane,Nick,Alex,Jason,Zane,Chris
